,unlabelled,time
0,0,0.24390387535095215
1,10,2.6093735694885254
2,20,2.7370407581329346
3,50,2.8007404804229736
4,90,2.61863112449646
5,95,2.403942823410034
