,unlabelled,time
0,0,0.24623513221740723
1,10,1.5792486667633057
2,20,1.7775983810424805
3,50,2.238492965698242
4,90,2.3259267807006836
5,95,2.327101230621338
