,unlabelled,time
0,0,0.783900260925293
1,10,8.659386396408081
2,20,10.768603324890137
3,50,10.309399366378784
4,90,10.359645128250122
5,95,10.50533652305603
