,unlabelled,time
0,0,1.8039052486419678
1,10,14.187393188476562
2,20,24.16841769218445
3,50,19.506502151489258
4,90,22.50892424583435
5,95,21.518281936645508
