,unlabelled,time
0,0,0.02572941780090332
1,10,0.024982929229736328
2,20,0.029983997344970703
3,50,0.054970741271972656
4,90,0.054969072341918945
5,95,0.05497121810913086
