,unlabelled,time
0,0,0.02593207359313965
1,10,0.027922391891479492
2,20,0.028925180435180664
3,50,0.03100442886352539
4,90,0.03498029708862305
5,95,0.029989242553710938
