,unlabelled,time
0,0,0.8436546325683594
1,10,2.711946725845337
2,20,1.5173883438110352
3,50,2.409611940383911
4,90,5.66901707649231
5,95,5.552798271179199
