,unlabelled,time
0,0,1.9588897228240967
1,10,5.658344507217407
2,20,3.8781516551971436
3,50,3.1776411533355713
4,90,13.907677412033081
5,95,11.84045124053955
