,unlabelled,time
0,0,0.6654939651489258
1,10,0.754431962966919
2,20,0.6675126552581787
3,50,0.6604924201965332
4,90,0.5175068378448486
5,95,0.4727761745452881
