,unlabelled,time
0,0,1.2583057880401611
1,10,2.022920608520508
2,20,1.5556573867797852
3,50,1.3183410167694092
4,90,1.0285937786102295
5,95,1.20375394821167
