,unlabelled,time
0,0,0.22487664222717285
1,10,1.8134758472442627
2,20,2.125105142593384
3,50,2.4006893634796143
4,90,2.496859073638916
5,95,2.6657161712646484
