,unlabelled,time
0,0,0.22321653366088867
1,10,1.5493428707122803
2,20,1.8485872745513916
3,50,2.216723918914795
4,90,2.3398923873901367
5,95,2.355368137359619
