,unlabelled,time
0,0,0.8289070129394531
1,10,9.194920778274536
2,20,10.193439960479736
3,50,12.024333000183105
4,90,10.240639448165894
5,95,9.785243272781372
