,unlabelled,time
0,0,111.84524917602539
1,10,776.5201668739319
2,20,635.3000254631042
3,50,965.9524946212769
4,90,963.4094405174255
5,95,924.9079737663269
