,unlabelled,time
0,0,0.04723644256591797
1,10,0.03498268127441406
2,20,0.029985666275024414
3,50,0.03501582145690918
4,90,0.03497314453125
5,95,0.03358626365661621
