,unlabelled,time
0,0,0.04388713836669922
1,10,0.03191685676574707
2,20,0.02991938591003418
3,50,0.029920339584350586
4,90,0.041879892349243164
5,95,0.0359034538269043
