,unlabelled,time
0,0,0.6343047618865967
1,10,0.4946868419647217
2,20,0.5251114368438721
3,50,0.5096361637115479
4,90,0.7191324234008789
5,95,0.8867330551147461
