,unlabelled,time
0,0,0.3901395797729492
1,10,0.4147801399230957
2,20,0.5683543682098389
3,50,0.439744234085083
4,90,0.5397090911865234
5,95,0.6246654987335205
