,unlabelled,time
0,0,9.769150972366333
1,10,11.12666368484497
2,20,11.245980501174927
3,50,10.6473388671875
4,90,15.080968141555786
5,95,19.790790796279907
