,unlabelled,time
0,0,9.958242416381836
1,10,10.817705154418945
2,20,10.358017683029175
3,50,10.49029803276062
4,90,14.457587957382202
5,95,20.775259494781494
