,unlabelled,time
0,0,0.03789782524108887
1,10,0.02991771697998047
2,20,0.02075505256652832
3,50,0.02498650550842285
4,90,0.024985313415527344
5,95,0.02498650550842285
