,unlabelled,time
0,0,1.4567720890045166
1,10,12.438642263412476
2,20,13.98391604423523
3,50,15.991299390792847
4,90,18.503246307373047
5,95,15.638695240020752
