,unlabelled,time
0,0,0.0827786922454834
1,10,0.1024618148803711
2,20,0.14234209060668945
3,50,0.12323307991027832
4,90,0.11265778541564941
5,95,0.11412787437438965
