,unlabelled,time
0,0,0.3863062858581543
1,10,2.6015098094940186
2,20,2.885716438293457
3,50,4.171782732009888
4,90,3.23868465423584
5,95,2.903451681137085
