,unlabelled,time
0,0,0.3470020294189453
1,10,2.2625560760498047
2,20,2.2313153743743896
3,50,2.461773633956909
4,90,2.679793119430542
5,95,2.8550612926483154
