,unlabelled,time
0,0,0.9176526069641113
1,10,10.367892742156982
2,20,11.980604410171509
3,50,11.650845766067505
4,90,11.655582427978516
5,95,9.672675609588623
