,unlabelled,time
0,0,16.841266870498657
1,10,167.4279510974884
2,20,186.88476514816284
3,50,197.68024802207947
4,90,190.14461588859558
5,95,199.4950451850891
