,unlabelled,time
0,0,0.02498912811279297
1,10,0.024985551834106445
2,20,0.0330655574798584
3,50,0.03498101234436035
4,90,0.044976234436035156
5,95,0.054970741271972656
