,unlabelled,time
0,0,0.03191423416137695
1,10,0.022015094757080078
2,20,0.029985666275024414
3,50,0.03498482704162598
4,90,0.03497481346130371
5,95,0.035019874572753906
