,unlabelled,time
0,0,1.880185842514038
1,10,12.054919481277466
2,20,8.443102359771729
3,50,6.5886993408203125
4,90,14.83627438545227
5,95,14.126240968704224
