,unlabelled,time
0,0,0.7695884704589844
1,10,3.0438363552093506
2,20,2.4214494228363037
3,50,5.479986906051636
4,90,6.3614561557769775
5,95,5.229968309402466
