,unlabelled,time
0,0,1.9844555854797363
1,10,2.768920421600342
2,20,1.7272300720214844
3,50,1.286524772644043
4,90,0.6982231140136719
5,95,0.6372387409210205
