,unlabelled,time
0,0,2.3062314987182617
1,10,4.18354058265686
2,20,3.9732248783111572
3,50,2.983762741088867
4,90,1.5425124168395996
5,95,1.3802571296691895
