,unlabelled,time
0,0,0.03191399574279785
1,10,0.0423734188079834
2,20,0.030916929244995117
3,50,0.04388594627380371
4,90,0.03242802619934082
5,95,0.03091740608215332
