,unlabelled,time
0,0,0.029966354370117188
1,10,0.03498363494873047
2,20,0.034980058670043945
3,50,0.03998064994812012
4,90,0.02498793601989746
5,95,0.03498029708862305
