,unlabelled,time
0,0,0.3945281505584717
1,10,0.40978217124938965
2,20,0.37979936599731445
3,50,0.39986371994018555
4,90,0.589684009552002
5,95,0.7280218601226807
