,unlabelled,time
0,0,0.501612663269043
1,10,0.5261714458465576
2,20,0.4866962432861328
3,50,0.45074963569641113
4,90,0.6003997325897217
5,95,0.8278393745422363
