,unlabelled,time
0,0,14.912205219268799
1,10,17.596192121505737
2,20,17.01397180557251
3,50,18.11594271659851
4,90,29.498234748840332
5,95,36.2368803024292
