,unlabelled,time
0,0,16.11547303199768
1,10,19.056397199630737
2,20,16.653026580810547
3,50,17.743912935256958
4,90,27.488226890563965
5,95,36.71787357330322
