,unlabelled,time
0,0,0.42069315910339355
1,10,0.8127336502075195
2,20,0.9785122871398926
3,50,0.9195387363433838
4,90,0.8822476863861084
5,95,0.749312162399292
