,unlabelled,time
0,0,1.3036997318267822
1,10,0.7068920135498047
2,20,0.6635551452636719
3,50,0.7857587337493896
4,90,0.6484231948852539
5,95,0.6305882930755615
