,unlabelled,time
0,0,3.145766496658325
1,10,27.836639165878296
2,20,25.57540202140808
3,50,72.10486125946045
4,90,48.692784547805786
5,95,35.090298891067505
