,unlabelled,time
0,0,1.5655932426452637
1,10,5.258424520492554
2,20,7.927333354949951
3,50,25.088744401931763
4,90,29.13831853866577
5,95,15.872263431549072
