,unlabelled,time
0,0,0.1745295524597168
1,10,0.29978299140930176
2,20,0.36864495277404785
3,50,0.21546125411987305
4,90,0.34962940216064453
5,95,0.20385074615478516
