,unlabelled,time
0,0,0.08501815795898438
1,10,0.10494160652160645
2,20,0.09994649887084961
3,50,0.09978771209716797
4,90,0.09994959831237793
5,95,0.08495116233825684
