,unlabelled,time
0,0,0.05898308753967285
1,10,0.372760534286499
2,20,0.23841404914855957
3,50,0.33350563049316406
4,90,0.12862777709960938
5,95,0.05996561050415039
