,unlabelled,time
0,0,0.8312423229217529
1,10,3.7190029621124268
2,20,6.655689239501953
3,50,8.821795225143433
4,90,8.813235998153687
5,95,4.639476537704468
