,unlabelled,time
0,0,1.0608022212982178
1,10,1.9112989902496338
2,20,1.5506856441497803
3,50,3.2646119594573975
4,90,5.405076503753662
5,95,0.5154120922088623
