,unlabelled,time
0,0,0.03290843963623047
1,10,0.03889632225036621
2,20,0.03490591049194336
3,50,0.03989219665527344
4,90,0.028923988342285156
5,95,0.03191328048706055
