,unlabelled,time
0,0,0.03997659683227539
1,10,0.029984474182128906
2,20,0.024986982345581055
3,50,0.029984474182128906
4,90,0.029983997344970703
5,95,0.03622865676879883
