,unlabelled,time
0,0,0.41489338874816895
1,10,0.40691494941711426
2,20,0.429149866104126
3,50,0.44624829292297363
4,90,0.5950345993041992
5,95,0.6487736701965332
