,unlabelled,time
0,0,0.34481191635131836
1,10,0.35980796813964844
2,20,0.3724982738494873
3,50,0.394787073135376
4,90,0.5473313331604004
5,95,0.6656599044799805
