,unlabelled,time
0,0,3.8453638553619385
1,10,3.972357749938965
2,20,3.9484734535217285
3,50,3.9672434329986572
4,90,3.9330296516418457
5,95,3.8976051807403564
