,unlabelled,time
0,0,3.6835107803344727
1,10,3.7229833602905273
2,20,3.7532594203948975
3,50,3.970616579055786
4,90,4.242661476135254
5,95,6.3247575759887695
