,unlabelled,time
0,0,0.03998112678527832
1,10,0.1401536464691162
2,20,0.2068779468536377
3,50,0.25789308547973633
4,90,0.10242462158203125
5,95,0.05997061729431152
