,unlabelled,time
0,0,0.8278157711029053
1,10,2.8434526920318604
2,20,3.9928383827209473
3,50,9.107434034347534
4,90,10.560766458511353
5,95,5.587193727493286
