,unlabelled,time
0,0,0.40041232109069824
1,10,0.767655611038208
2,20,0.6914036273956299
3,50,0.5838358402252197
4,90,2.876593828201294
5,95,2.2773709297180176
